files;type
1/1.jpg;photo
1/2.jpg;photo
1/3.mp4;video
1/4.mp4;video
1/5.jpg;photo
1/6.jpg;photo
1/7.mp4;video
1/8.mp4;video
2/1.jpg;photo
2/2.jpg;photo
2/3.mp4;video
2/4.mp4;video
2/5.jpg;photo
2/6.jpg;photo
2/7.mp4;video
2/8.mp4;video
3/1.jpg;photo
3/2.jpg;photo
3/3.mp4;video
3/4.mp4;video
3/5.jpg;photo
3/6.jpg;photo
3/7.mp4;video
3/8.mp4;video
4/1.heic;photo
4/2.heic;photo
4/3.mov;video
4/4.mov;video
4/5.jpg;photo
4/6.jpg;photo
4/7.mp4;video
4/8.mp4;video
5/1.mp4;video
5/2.mp4;video
5/3.jpg;photo
5/4.jpg;photo
5/5.jpg;photo
5/6.jpg;photo
5/7.mp4;video
5/8.mp4;video
